-- Active: 1743462407381@@127.0.0.1@3306@khachsan
-- USE khachsan;
USE orders;
INSERT INTO `customers` (`Customer_ID`, `Customer_Name`, `Email`, `Phone`, `Birthday`) 
VALUES
(1, 'Nguyen Van A', 'nguyenvana@gmail.com', '0912345678', '1990-01-01'),
(2, 'Le Thi B', 'lethib@gmail.com', '0912345679', '1991-02-02'),
(3, 'Tran Van C', 'tranvanc@gmail.com', '0912345680', '1992-03-03'),
(4, 'Pham Thi D', 'phamthid@gmail.com', '0912345681', '1993-04-04'),
(5, 'Hoang Van E', 'hoangvane@gmail.com', '0912345682', '1994-05-05'),
(6, 'Nguyen Van F', 'nguyenvanf@gmail.com', '0912345683', '1995-06-06'),
(7, 'Le Thi G', 'lethig@gmail.com', '0912345684', '1996-07-07'),
(8, 'Tran Van H', 'tranvanh@gmail.com', '0912345685', '1997-08-08'),
(9, 'Pham Thi I', 'phamthii@gmail.com', '0912345686', '1998-09-09'),
(10, 'Hoang Van J', 'hoangvanj@gmail.com', '0912345687', '1999-10-10'),
(11, 'Nguyen Van K', 'nguyenvank@gmail.com', '0912345688', '1990-11-11'),
(12, 'Le Thi L', 'lethil@gmail.com', '0912345689', '1991-12-12'),
(13, 'Tran Van M', 'tranvanm@gmail.com', '0912345690', '1992-01-13'),
(14, 'Pham Thi N', 'phamthin@gmail.com', '0912345691', '1993-02-14'),
(15, 'Hoang Van O', 'hoangvano@gmail.com', '0912345692', '1994-03-15'),
(16, 'Nguyen Van P', 'nguyenvanp@gmail.com', '0912345693', '1995-04-16'),
(17, 'Le Thi Q', 'lethiq@gmail.com', '0912345694', '1996-05-17'),
(18, 'Tran Van R', 'tranvanr@gmail.com', '0912345695', '1997-06-18'),
(19, 'Pham Thi S', 'phamthis@gmail.com', '0912345696', '1998-07-19'),
(20, 'Hoang Van T', 'hoangvant@gmail.com', '0912345697', '1999-08-20'),
(21, 'Nguyen Van U', 'nguyenvanu@gmail.com', '0912345698', '1990-09-21'),
(22, 'Le Thi V', 'lethiv@gmail.com', '0912345699', '1991-10-22'),
(23, 'Tran Van W', 'tranvanw@gmail.com', '0912345700', '1992-11-23'),
(24, 'Pham Thi X', 'phamthix@gmail.com', '0912345701', '1993-12-24'),
(25, 'Hoang Van Y', 'hoangvany@gmail.com', '0912345702', '1994-01-25'),
(26, 'Nguyen Van Z', 'nguyenvanz@gmail.com', '0912345703', '1995-02-26'),
(27, 'Le Thi AA', 'lethiaa@gmail.com', '0912345704', '1996-03-27'),
(28, 'Tran Van BB', 'tranvanbb@gmail.com', '0912345705', '1997-04-28'),
(29, 'Pham Thi CC', 'phamthicc@gmail.com', '0912345706', '1998-05-29'),
(30, 'Hoang Van DD', 'hoangvandd@gmail.com', '0912345707', '1999-06-30'),
(31, 'Nguyen Van EE', 'nguyenvanee@gmail.com', '0912345708', '1990-07-31'),
(32, 'Le Thi FF', 'lethiff@gmail.com', '0912345709', '1991-08-01'),
(33, 'Tran Van GG', 'tranvangg@gmail.com', '0912345710', '1992-09-02'),
(34, 'Pham Thi HH', 'phamthihh@gmail.com', '0912345711', '1993-10-03'),
(35, 'Hoang Van II', 'hoangvanii@gmail.com', '0912345712', '1994-11-04'),
(36, 'Nguyen Van JJ', 'nguyenvanjj@gmail.com', '0912345713', '1995-12-05'),
(37, 'Le Thi KK', 'lethikk@gmail.com', '0912345714', '1996-01-06'),
(38, 'Tran Van LL', 'tranvanll@gmail.com', '0912345715', '1997-02-07'),
(39, 'Pham Thi MM', 'phamthimm@gmail.com', '0912345716', '1998-03-08'),
(40, 'Hoang Van NN', 'hoangvannn@gmail.com', '0912345717', '1999-04-09'),
(41, 'Nguyen Van OO', 'nguyenvanoo@gmail.com', '0912345718', '1990-05-10'),
(42, 'Le Thi PP', 'lethipp@gmail.com', '0912345719', '1991-06-11'),
(43, 'Tran Van QQ', 'tranvanqq@gmail.com', '0912345720', '1992-07-12'),
(44, 'Pham Thi RR', 'phamthirr@gmail.com', '0912345721', '1993-08-13'),
(45, 'Hoang Van SS', 'hoangvanss@gmail.com', '0912345722', '1994-09-14'),
(46, 'Nguyen Van TT', 'nguyenvantt@gmail.com', '0912345723', '1995-10-15'),
(47, 'Le Thi UU', 'lethiuu@gmail.com', '0912345724', '1996-11-16'),
(48, 'Tran Van VV', 'tranvanvv@gmail.com', '0912345725', '1997-12-17'),
(49, 'Pham Thi WW', 'phamthiww@gmail.com', '0912345726', '1998-01-18'),
(50, 'Hoang Van XX', 'hoangvanxx@gmail.com', '0912345727', '1999-02-19');



INSERT INTO `services` (`Service_ID`, `Service_Name`, `Price`) 
VALUES
(1, 'Cắt tóc', 100000),
(2, 'Gội đầu', 50000),
(3, 'Massage mặt', 200000),
(4, 'Nhuộm tóc', 300000),
(5, 'Cạo râu', 30000),
(6, 'Uốn tóc', 250000),
(7, 'Dưỡng tóc', 150000),
(8, 'Trang điểm', 400000),
(9, 'Cắt móng tay', 50000),
(10, 'Cắt móng chân', 50000),
(11, 'Gội dưỡng sinh', 120000),
(12, 'Nâng cơ mặt', 350000),
(13, 'Tẩy tế bào chết', 180000),
(14, 'Làm móng tay nghệ thuật', 300000),
(15, 'Làm móng chân nghệ thuật', 300000),
(16, 'Cạo lông mặt', 70000),
(17, 'Cạo lông chân', 90000),
(18, 'Cạo lông tay', 90000),
(19, 'Tẩy lông toàn thân', 500000),
(20, 'Xông hơi mặt', 150000),
(21, 'Gội đầu thư giãn', 70000),
(22, 'Cắt tóc trẻ em', 50000),
(23, 'Tẩy tóc', 350000),
(24, 'Nhuộm highlight', 450000),
(25, 'Làm tóc xoăn sóng nước', 600000),
(26, 'Phủ bóng tóc', 200000),
(27, 'Trị liệu da mặt', 500000),
(28, 'Trị mụn', 300000),
(29, 'Xông hơi toàn thân', 250000),
(30, 'Chăm sóc da mặt', 200000),
(31, 'Lột mụn đầu đen', 100000),
(32, 'Cắt tóc tạo kiểu', 350000),
(33, 'Nối mi', 300000),
(34, 'Tẩy tế bào chết toàn thân', 350000),
(35, 'Tạo kiểu tóc cô dâu', 1500000),
(36, 'Gội đầu thảo dược', 100000),
(37, 'Điện di vitamin C', 400000),
(38, 'Làm trắng da mặt', 500000),
(39, 'Chăm sóc tay chân', 300000),
(40, 'Trị thâm vùng mắt', 300000),
(41, 'Điều trị nám', 800000),
(42, 'Phục hồi tóc hư tổn', 600000),
(43, 'Cắt tóc gội đầu combo', 120000),
(44, 'Massage body', 400000),
(45, 'Chăm sóc bà bầu', 500000),
(46, 'Điều trị mụn ẩn', 400000),
(47, 'Ủ tóc collagen', 300000),
(48, 'Chăm sóc da toàn thân', 700000),
(49, 'Phun xăm môi', 1500000),
(50, 'Xóa xăm', 800000);


INSERT INTO `orders` (`Order_ID`, `Customer_ID`, `Service_ID`, `Order_date`, `Price`) 
VALUES
(1, 1, 1, '2025-01-01', 100000),
(2, 2, 2, '2025-01-02', 50000),
(3, 3, 3, '2025-01-03', 200000),
(4, 4, 4, '2025-01-04', 300000),
(5, 5, 5, '2025-01-05', 30000),
(6, 6, 6, '2025-01-06', 250000),
(7, 7, 7, '2025-01-07', 150000),
(8, 8, 8, '2025-01-08', 400000),
(9, 9, 9, '2025-01-09', 50000),
(10, 10, 10, '2025-01-10', 50000),
(11, 11, 11, '2025-01-11', 120000),
(12, 12, 12, '2025-01-12', 350000),
(13, 13, 13, '2025-01-13', 180000),
(14, 14, 14, '2025-01-14', 300000),
(15, 15, 15, '2025-01-15', 300000),
(16, 16, 16, '2025-01-16', 70000),
(17, 17, 17, '2025-01-17', 90000),
(18, 18, 18, '2025-01-18', 90000),
(19, 19, 19, '2025-01-19', 500000),
(20, 20, 20, '2025-01-20', 150000),
(21, 21, 21, '2025-01-21', 70000),
(22, 22, 22, '2025-01-22', 50000),
(23, 23, 23, '2025-01-23', 350000),
(24, 24, 24, '2025-01-24', 450000),
(25, 25, 25, '2025-01-25', 600000),
(26, 26, 26, '2025-01-26', 200000),
(27, 27, 27, '2025-01-27', 500000),
(28, 28, 28, '2025-01-28', 300000),
(29, 29, 29, '2025-01-29', 250000),
(30, 30, 30, '2025-01-30', 200000),
(31, 31, 31, '2025-02-01', 100000),
(32, 32, 32, '2025-02-02', 350000),
(33, 33, 33, '2025-02-03', 300000),
(34, 34, 34, '2025-02-04', 350000),
(35, 35, 35, '2025-02-05', 1500000),
(36, 36, 36, '2025-02-06', 100000),
(37, 37, 37, '2025-02-07', 400000),
(38, 38, 38, '2025-02-08', 500000),
(39, 39, 39, '2025-02-09', 300000),
(40, 40, 40, '2025-02-10', 300000),
(41, 41, 41, '2025-02-11', 800000),
(42, 42, 42, '2025-02-12', 600000),
(43, 43, 43, '2025-02-13', 120000),
(44, 44, 44, '2025-02-14', 400000),
(45, 45, 45, '2025-02-15', 500000),
(46, 46, 46, '2025-02-16', 400000),
(47, 47, 47, '2025-02-17', 300000),
(48, 48, 48, '2025-02-18', 700000),
(49, 49, 49, '2025-02-19', 1500000),
(50, 50, 50, '2025-02-20', 800000);
